author_norm,n_abstracts
not found,233
suman samantray,9
zisheng zhang,7
dharneedar ravichandran,6
alaina levine,6
siddharth patwardhan,6
benjamin lam,6
robert peters,6
divesh bhatia,5
allen jiang,5
leila fereidooni,5
alice stanton,5
anni shi,5
mahshid mokhtarnejad,5
priyanka bholanath shukla,5
rajan bhawnani,5
damaraju phaneswararao,5
rohit choudhury,5
roya koshani,5
sana khanum,5
ayodeji omoniyi,5
yihan song,5
atta ur razzaq,5
akorfa dagadu,4
xintong yuan,4
janghoon ock,4
alejandro cano,4
xilal rima,4
hongjun park,4
mahdi malmali,4
luis caballero,4
lucilla coelho de almeida,4
elizabeth lee,4
wolfgang peukert,4
kunran yang,4
william broomhead,4
kazi khoda,4
foster agblevor,4
vinh bui,4
jonathan zheng,4
julian vigil,4
feranmi olowookere,4
jeiwan tan,4
jiale shi,4
farshud sorourifar,4
hiesang song,4
wonjun yim,4
georgios tseropoulos,4
chenxian xu,4
paschalis alexandridis,4
oscar cipolato,4
nurettin sahiner,4
chi-ho lee,4
daniela blanco,4
daniel laky,4
daniel miller,4
narjes esmaeili,4
chuhong lin,4
dinesh sundaravadivelu devarajan,4
tridip das,4
tianyi jin,4
rebekah wells,4
rae robertson-anderson,4
rachel huang,4
qiang xu,4
pooja basera,4
carmen daoud,4
andrew w. tricker,4
piran kidambi,4
pankaj rohilla,4
parth shah,4
andrea galeazzi,4
shuqiao wang,4
siddarth achar,4
shyam deo,4
bamin khomami,4
robert nißler,4
ruoxin li,4
rong xia,4
solomon kahsay gebremariam,4
anuja tripathi,4
rohan sartape,4
arya ajeev,4
ari fischer,4
shakeel ramjanee,4
shilpa narasimhan,4
shayan niknezhad,4
shoichi nishitani,4
zhiyin niu,4
heleno bispo,4
hee jeung oh,4
yiling nan,4
ahmed badreldin,4
himangshu mondal,3
aaditya hari bharanidharan,3
zahra ebrahimpourboura,3
akriti sarswat,3
akshay kudva,3
alan tirado,3
aleksandra marcinek,3
xiaoyu wang,3
yash barhate,3
yashwanth arcot,3
isaac gamwo,3
ishani karki kudva,3
ishita goyal,3
jaesung kim,3
jakub konkol,3
james a. ritter,3
jasneet pala,3
fredrik nordstrom,3
gabriel sanoja,3
seckin karagoz,3
seolhee cho,3
seongjoo jung,3
seoyeon won,3
arash tayyebi,3
artur m. schweidtmann,3
ashok naimpally,3
shekhar shinde,3
shengli jiang,3
shravan pradeep,3
abhinendra singh,3
abhirup basu,3
adam mcneeley,3
adam smerigan,3
ademola soyemi,3
zehua jin,3
sohyung lee,3
somesh mishra,3
angan mukherjee,3
anubhav sarmah,3
soyoung choi,3
stefano brandani,3
subhajyoti chaudhuri,3
saif r. kazi,3
sambita choudhury,3
austin braniff,3
austin morales,3
aycan hacioglu,3
ayush gupta,3
sarah adaryan,3
sarang ismail,3
satchit nagpal,3
rajagopalan srinivasan,3
raju vadthya,3
ranil wickramasinghe,3
ravendra singh,3
rebecca lindsey,3
remsha rafiq,3
barnabas agbodekhe,3
baron peters,3
behnam partopour,3
benjamin pedretti,3
richard tran,3
ritesh kumar,3
robert k. prud'homme,3
rohit chauhan,3
shu-bo yang,3
sk. moumita manjur,3
cadianne chambers,3
can li,3
carolina tristán,3
q. peter he,3
qi zhang,3
rachael rothman,3
rachel a. yang,3
bhavesh moorjani,3
bin yang,3
bjarne kreitz,3
bogdan dorneanu,3
braulio ortega quesada,3
raghavan ranganathan,3
rahul bhosale,3
rahul prasanna misra,3
rahul sujanani,3
sudeshna gun,3
sun jin moon,3
anastasia georgiou,3
andreas kottlan,3
andrew wagner,3
andrew wong,3
swarna saha,3
sweta modak,3
tae-ung wi,3
tanay jawdekar,3
tarek lemaoui,3
teslim olayiwola,3
poulomi das,3
prem podupu,3
byunghang ha,3
c. wyatt shields,3
nitin minocha,3
noor alomari,3
christopher browne,3
omar boloki,3
omeet patel,3
omolola eniola-adefeso,3
chae jeong-potter,3
chanjot kaur .,3
chenfeng huang,3
chi-hwa wang,3
pablo debenedetti,3
pallavi dandekar,3
pavan inguva,3
pedro castro,3
pierre walker,3
subhash kalidindi,3
monica iepure,3
monica ohnsorg,3
monirosadat sadati,3
daniel biri,3
montgomery laky,3
mubarak bello,3
muhammad fiji firdaus,3
muhammad shahzad kamal,3
muhammad usman,3
musabbir jahan talukder,3
nathanael schwindt,3
natsumi komatsu,3
nduka ogbonna,3
ni zhan,3
nima yazdanpanah,3
nishant vinayak giridhar,3
medha kasula,3
mehak jain,3
daniele baiocco,3
danqing zhu,3
dat-nguyen vo,3
david e. bernal neira,3
david kenney,3
david shonnard,3
mehtap sahiner,3
michael baldea,3
michael burroughs,3
miguel angel de carvalho servia,3
milad ahmadi khoshooei,3
ming xiao,3
minghao han,3
mingheng li,3
thomas kinard,3
tianhao yu,3
tiger shi,3
trenton tovar,3
tristan maxson,3
unni kurumbail,3
amir abutalib,3
amir nourhani,3
amir pahlavan,3
amirsalar bagheri,3
varsha gupta,3
varunkumar thippanna,3
vassilis charitopoulos,3
masoud salavati,3
matteo minelli,3
md emdadul haque,3
lucy todd,3
madison r. reed,3
mandakini padhi,3
maninderjeet singh,3
maria papathanasiou,3
maria santore,3
david simakov,3
debjit ghoshal,3
deep m. patel,3
deniz etit,3
dimitrios tsalikis,3
dipayan chakraborty,3
mariano martin,3
marimuthu andiappan,3
marina tsianou,3
thiago jose pinheiro dos santos,3
kumari shilpa,3
kyra yap,3
ella king,3
eric e. janz,3
laura alejandra gomez gomez,3
laura fronchetti guidugli,3
lauren ward,3
lei wang,3
lev levintov,3
lian duan,3
dongheon lee,3
dustin kenefake,3
eike cramer,3
elias martinez-hernandez,3
elizabeth bickel rogers,3
loyal murphy,3
alexander smith,3
vivek saini,3
vivek sharma,3
wei wu,3
weinan xu,3
wenhui li,3
wenjia wang,3
wenlong wang,3
wentao tang,3
kelly badilla,3
kensaku matsunami,3
kerry johanson,3
keshav kasturi rangan,3
kimberly bowal,3
krutika patidar,3
kumar varoon agrawal,3
jonathan soucy,3
joo-youp lee,3
joseph kwon,3
joshua ighalo,3
juhyeon kim,3
jun wang,3
junjie chen,3
junli liu,3
esai lopez,3
evan miu,3
ewa chukwu,3
faraz burni,3
ka-hei siu,3
kathleen j. stebe,3
venkata rohit punyapu,3
vikas dhamu,3
gang wan,3
gayle gibson,3
jeffrey ward,3
jeongwoo lee,3
jiayang wu,3
jihan abou halloun,3
jimin park,3
farshid nazemi,3
feng-yang chen,3
fernando temprano coleto,3
filip formalik,3
foteini michalopoulou,3
francesca lorenzutti,3
joan montes de oca,3
jonathan coote,3
jonathan fan,3
zachary oliver,3
huda usman,3
hugh purdy,3
huy nguyen,3
geoffroy lumay,3
glavic tikeri,3
goutham rangarajan,3
ignacio grossmann,3
ilias mitrai,3
ines rocha,3
inseok chae,3
ioannis zuburtikudis,3
irene moreno flores,3
woo je chang,3
woo jin jang,3
xakin ramirez isunza,3
zhengrong gu,3
zhiqiang shen,3
haiting wang,3
hao chen,3
haochen zhang,3
hashir gauri,3
heather leclerc,3
yidong xia,3
yifeng shi,3
yirui zhang,3
yu zheng,3
yuanwei li,3
ahmed al harraq,3
akhil ahmed,3
akkarakaran leonard,3
yug chandra saraswat,3
zonghao zhang,2
aatam gajjar,2
abdelaziz gouda,2
abdullah al-aboosi,2
abdullah alabbad,2
abdullah shaheer,2
yue wu,2
akash ball,2
ajaysing nimbalkar,2
aira sarkar,2
aime laurent twizerimana,2
aida lópez ruiz,2
ahmed mahfouz,2
ahmed essam,2
ahmed alhajaj,2
ahmed al mayyahi,2
ah-hyung alissa park,2
adrien baut,2
adriano henrique,2
yubin ryu,2
yuanxing liu,2
yuan yao,2
hannah hargrove,2
hani hawa,2
hamidreza heidari,2
hamid arastoopour,2
hamed almohammadi,2
hal alper,2
hailey loehde-woolard,2
gözde demirer,2
gwyneth liske,2
guoquan wu,2
gunnar sly,2
guangliang liu,2
guanghui zhu,2
grigorios panagakos,2
granton jindal,2
zihang su,2
herbert fountain,2
henry chu,2
henrik wang,2
hendrik mainka,2
helena weaver,2
heather kulik,2
hayoung jeong,2
hassan arafat,2
hasan nikkhah,2
harry van den akker,2
harishankar manikantan,2
haoxiang lai,2
haotian wang,2
hao yu,2
hao lyu,2
hanqing wang,2
hyeju song,2
hussain almajed,2
hursh sureka,2
hui du,2
huan gu,2
hsinhan tsai,2
hoyong chung,2
hossein jooya,2
hossein abedsoltan,2
hossain aziz,2
hongxuan wang,2
hoang tran,2
himani sharma,2
hesham aboukeila,2
hesam hassanpour,2
heriberto garcia,2
grace dykstra,2
godwin ogbuehi,2
gintaras v. reklaitis,2
gina partipilo,2
gift modekwe,2
gianmarco terrones,2
geunho han,2
gesse roure,2
gerald fuller,2
georgios kelesidis,2
george yan,2
george tsilomelekis,2
hyunjin moon,2
hyunah ahn,2
hyun jee lee,2
hyeon choe,2
jacob molinaro,2
jacob doon-ralls,2
jacob crouch,2
jacinta conrad,2
j.v. jayarama krishna,2
j. raphael seidenberg,2
j ruud van ommen,2
isaiah borne,2
isabela rios amador,2
isaac ramírez marrero,2
irene martinez,2
ioanna kalospyrou,2
iiro harjunkoski,2
ignasi palou rivera,2
hyunsu jeon,2
hyunki kim,2
jay gaillard,2
jay bender,2
javad omidi,2
jason madinya,2
janhvi trivedi,2
jana weber,2
jamie ahmed,2
james kwan,2
james henry,2
james gilchrist,2
jair fajardo-rojas,2
jafaru egieya,2
jaeyul kim,2
jae hwan jeong,2
jacob sweet,2
jacob schimelman,2
jeffrey mccutcheon,2
jeffrey halpern,2
geoffroy hautier,2
geng wang,2
geeta verma,2
gary koenig,2
gary hawkins,2
gargi das,2
gabrielle balistreri,2
gabriel sánchez-velázquez,2
fudong liu,2
friedrich stricker,2
frederick de meyer,2
francesco destro,2
jeffrey dubose,2
jayni hashimoto,2
jingguang g. chen,2
jing ying yeo,2
jin li,2
jihong min,2
jieun kim,2
jian liu,2
jialun (galen) wang,2
ji-young lee,2
ji-young kim,2
jhumpa adhikari,2
jessica sánchez-vargas,2
jessica hauck,2
jesse l. starger,2
jens birkholzer,2
jennifer dunn,2
jenifer gomez pastora,2
johan leon,2
joern siepmann,2
fouzia nowrin,2
filippo balzaretti,2
fernando carmona esteva,2
fengqi you,2
feiyang ou,2
fatou baka diop,2
farid khoury,2
jnana sai jagana,2
jiyizhe zhang,2
jiwei yao,2
jisung jang,2
jinsu kim,2
jingyao li,2
jinghao li,2
joseph cramer,2
"joseph cotruvo, jr.",2
jose c. contreras-naranjo,2
jordan monroe,2
jonathan turnley,2
jonathan stickel,2
jonathan salmeron-hernandez,2
jonathan faris,2
john white,2
john torkelson,2
john thomas,2
john sinclair,2
john kuhn,2
john fawcett,2
john el berch,2
john d. chea,2
julie champion,2
julie a. nguyen,2
julianne oshiro,2
juliana yang,2
julia espinoza mejia,2
juan gabriel segovia,2
jr johnson,2
joão poli,2
joshua young,2
joshua richardson,2
joshua pulsipher,2
joshua hang sai ip,2
joshua abraham,2
joseph samaniuk,2
joseph peterson,2
joseph m. desimone,2
justin bui,2
justice ene,2
junzhe lou,2
f. handan tezel,2
ezgi erdem,2
eva chi,2
eunsung kan,2
eun mi kim,2
ethan sunshine,2
estephanie nottar escobar,2
esin aydemir,2
erica wagner,2
eric shaqfeh,2
eric sacia,2
eric palmer,2
jung-shen benny tai,2
kazeem b. olanrewaju,2
kayla foley,2
kay glass,2
kaustubh sawant,2
katherine steinberg,2
kasim adewuyi,2
kartik kamat,2
karol makuch,2
karen winey,2
karen agro,2
kanishka ghosh,2
kanan shikhaliyev,2
kamalesh sirkar,2
kaiying wang,2
kaijie zhang,2
kai-yu huang,2
lakshmeesha upadhyaya,2
kyle timmer,2
kurt ristroph,2
kunal sharma,2
kristel gatdula,2
koushik sampath,2
kosar rahimi nasrabadi,2
kody whisnant,2
kiruba catherine vincent,2
kirti yenkie,2
kirk badger,2
khaled baamran,2
kenan song,2
kelsey hallinen,2
kelechi agwu,2
keith e. gubbins,2
laura a.e. brunmaier,2
lashanda korley,2
lakshmi yasodhara ananthabhotla,2
eric jankowski,2
eranda nikolla,2
enzo mangano,2
emmanuel dada,2
emma c. aldrich,2
emily mcguinness,2
emily mccorkle,2
emily gonzales,2
emily davidson,2
emily chen,2
emad sanei,2
elyar tourani,2
elliot brna,2
liping liu,2
linxiao chen,2
linna an,2
lindsey hamblin,2
lin yue yung,2
lianna johnson,2
liangfang zhang,2
liang zhang,2
liang wu,2
lequan zeng,2
leiqing hu,2
leila sharifi,2
leif-thore deck,2
le zhou,2
laurianne lair,2
lauren marbella,2
elizabeth aigaje,2
elia colleoni,2
efty hadjittofis,2
ecevit bilgili,2
dylan joralmon,2
dwijraj mhatre,2
dwaipayan dasgupta,2
duyoung choi,2
duhan zhang,2
douglas tree,2
loren dela rosa,2
logan piegols,2
logan morton,2
logan fenimore,2
lizbeth rostro,2
lisa je,2
manjula senanayake,2
manjeet chhetri,2
manish shetty,2
manish mosalpuri,2
manish kumar,2
mahesh tirumkudulu,2
mahbuba khanom,2
mahboubeh moghadasi,2
madelynn watson,2
luis ricardez-sandoval,2
luis fernando lira-barragán,2
luis carlos pinzon-herrera,2
lucas ellis,2
lucas condes,2
lu zhang,2
elizabeth biddinger,2
mark kathol,2
marjon zamani,2
mariana monteiro,2
do hyun lee,2
dipendu saha,2
dimitrios gerogiorgis,2
diego trevisan melfi,2
derek zhu,2
debasmita halder,2
davis r. conklin,2
mariam balogun,2
maria soledad diaz,2
marco gigantino,2
marco giacinti baschetti,2
marcel schreier,2
maoqi feng,2
mayar tarek,2
mauricio a. trujillo-roldán,2
matthew williams,2
matthew webb,2
matthew watson,2
matthew vasuta,2
matthew s. johnson,2
matthew rivera,2
matthew palys,2
matthew liberatore,2
matthew helgeson,2
matthew confer,2
masoud ghasemi,2
masahiro goto,2
maryam raeeszadeh sarmazdeh,2
martin bazant,2
melba simon,2
mehran arzani,2
david mier salazar,2
david garcia,2
darjan podbevšek,2
daniyal kiani,2
danilo russo,2
danielle tullman-ercek,2
daniele pessina,2
daniel siderius,2
daniel rivera,2
meera ramaswamy,2
meenesh r singh,2
md shahadat hossain,2
md masud,2
mayukh kundu,2
min pack,2
milenia rojas mendoza,2
mihriye doga tekbas,2
michelle o'malley,2
michaela jones,2
michael veksler,2
michael timko,2
michael stephenson,2
michael senra,2
michael fouts,2
michael engel,2
michael bortner,2
michael bergman,2
michael allan,2
mengjiao wu,2
melissa calopiz,2
mohammed al otmi,2
mohammadreza kosari,2
mohammad lameh,2
mohammad j seyed sabour,2
mohammad bazmi,2
mohammad alam,2
mohamed bahr,2
moein hajian z.d.,2
mitchell paolello,2
mitchell huffman,2
miriam sarkis,2
minxiang (glenn) zeng,2
minjunshi xie,2
mingzhi zhao,2
mingxia guo,2
mingfei zhao,2
moonchul park,2
daniel montes pinzon,2
daniel lachos perez,2
daniel gregory,2
daniel beahr,2
daniel a. green,2
dan lambert,2
craig sheridan,2
connor farrell,2
collette riviere,2
colin wolden,2
cody ritt,2
claudemi nascimento,2
monoj ghosh,2
monika neal,2
moises gutierrez,2
nicholas herringer,2
nicholas gregorich,2
negin ammari,2
naz pinar taskiran,2
nayeong kim,2
nav nidhi rajput,2
nausheen basha,2
narayani kelkar,2
namita nabar,2
nadhem ismail,2
nabia shahreen,2
myisha ahmed chowdhury,2
murat guvendiren,2
mostafa tabatabaei,2
moses abraham bokinala,2
morgen smith,2
chibueze amanchukwu,2
nuo xu,2
nouha el amri,2
norman j. wagner,2
norma a. valdez-cruz,2
nolan kelley,2
noel stanley,2
noel manring,2
nirenjan shenoy padmanabha naveen,2
ning zhang,2
niloofar zolfigol,2
nikolai mukhin,2
niki kotecha,2
nidhi kapil,2
nicole beauregard,2
nicholas kotov,2
obiora muojama,2
obioma uche,2
nur hendri wahyu firdaus,2
christos maravelias,2
christopher swartz,2
christopher roberts,2
christopher l. wirth,2
christopher j. morrison,2
christopher balzer,2
christopher arges,2
christian lübbert,2
cholpisit kiattisewee,2
chipo chapusha,2
chinmay aras,2
ching-mei wen,2
chidambaram thamaraiselvan,2
chen yujuan,2
chelsea monty-bromer,2
chase sellers,2
charles ponge,2
chad able,2
carolyn shurer,2
caroline rocchio,2
caroline ganzer,2
oscar monrroy,2
omkar kushwaha,2
omid jazani,2
omar almaraz,2
oluwatoyin campbell,2
oluwaseyi saliu,2
oludare j. odejobi,2
oliver tang,2
prajakta dongre,2
pierre kawak,2
philipp schönhöfer,2
penny norquist,2
peng xu,2
pelin su bulutoglu,2
pedro de souza,2
paul neff,2
patrick lott,2
patatri chakraborty,2
paola alejandra saenz cavazos,2
paola alejandra munoz briones,2
pamela cai,2
owen land,2
chia-wen chang,2
chenjue tang,2
puneet koli,2
carolina trenado-yuste,2
carolina colombo tedesco,2
carlos prieto,2
carlin leung,2
cara schwarz,2
canghai ma,2
caleb geissler,2
byunguk park,2
byeongseok kim,2
brian welch,2
preetika karnal,2
praveen bollini,2
prashil badwaik,2
pranto paul,2
prakitr srisuma,2
bing-hung chen,2
bikun zhang,2
bidipta ghosh,2
bhubesh balasubramaniam,2
bharathkiran maddipudi,2
bernard ekeoma,2
r bharath venkatesh,2
quy nguyen,2
quinn bennett,2
qiu jin,2
qinglin su,2
qingke wang,2
qikun hu,2
qiangu yan,2
qiang wang,2
qian zhou,2
raul marquez,2
ratul chowdhury,2
randall snurr,2
ramya srinivasan,2
ramesh s. ayyala,2
rama el-khawaldeh,2
rajarshi samajdar,2
rahul kumar,2
ragad aldilaijan,2
rachita rana,2
rachel pollard,2
brendan wirtz,2
brandon c. bukowski,2
bosong lin,2
bohui lyu,2
bo wei cynthia chen,2
benjamin p. riley,2
benjamin hawkins,2
ben magruder,2
beatriz dantas,2
beata kilos,2
basem al alwan,2
barnabas gao,2
baolin deng,2
balivada kusum kumar,2
ricardo torres,2
reginaldo gomes,2
reginald rogers,2
raymond dagastine,2
rayan alaufey,2
raviraju vysyaraju,2
ravi sharma,2
ruthradharshini murugavel,2
runtong pan,2
ruiqi fang,2
rubayet hassan,2
rosa henandez-lopez,2
rong ma,2
rohit pal,2
roger d. whitley,2
robert hesketh,2
robert ferrier,2
robert dejaco,2
richard law,2
richard grenville,2
richard braatz,2
richa tomer,2
benjamin strain,2
sang cheol kim,2
samuel root,2
samuel c. moore,2
samiha sharlin,2
saman moniri,2
sam david swaminathan,2
saketh merugu,2
sainan zhao,2
sahand serajian,2
sagnik das,2
saerom yu,2
saad khan,2
s m farhad,2
ryan splichal,2
ryan miller,2
ryan lively,2
sara hashmi,2
santhosh seshadhri,2
santanu kundu,2
babak vajdi hokmabad,2
bababode kehinde,2
azamat rizuan,2
azadeh mehrani,2
avishek banerjee,2
avinashkumar karre,2
avijeet kulshrestha,2
austin johnes,2
aurelien neveu,2
atefe alimirzaei,2
sanjana gopalakrishnan,2
sanha park,2
sang w. joo,2
seulki han,2
seth kriz,2
seokmu kwon,2
seokhyun choung,2
seo-yul kim,2
selin s. sagbas,2
sejin kim,2
scott bobbitt,2
sayed golam mohiuddin,2
sayed abu sufyan,2
sayan das,2
satish parulekar,2
satish nune,2
sasidhar gumma,2
sarthak saha,2
sarah onyembe,2
astrid müller,2
ashutosh kumar verma,2
ashish srivastava,2
ashin sunny,2
ashfaq iftakher,2
arvind ganesan,2
artem rumyantsev,2
armin ebner,2
arman raoufi,2
arian jaberi,2
aref hashemi,2
shawn lu,2
shaohua xie,2
seyedamin razavi,2
seungbo hong,2
seung hwan lee,2
shukun zhong,2
shuhei takamura,2
shubhanshu agarwal,2
shuang xu,2
shuang luo,2
shrinjay sharma,2
shri ramaswamy,2
shreyas rao,2
shreenath krishnamurthy,2
shraddha maitra,2
shoumik sadaf,2
shivi dixit,2
shiv rekhi,2
shirin asadialahsavand,2
shengji zhang,2
sheetal chowdhury,2
soumajit dutta,2
solomon oyakhire,2
snehal patil,2
smitha gopinath,2
siyu zhou,2
siyang wang,2
sina kheirabadi,2
sina jamalzadegan,2
simone reynoso-donzelli,2
silvia pelucchi,2
silabrata pahari,2
sidharth laxminarayan,2
siddharth tripathi,2
siddharth sambamoorthy,2
shuyi shen,2
shuting xiang,2
sriram neelamegham,2
sreyashi ghosh,2
sree laxmi,2
arash elahi,2
ara cho,2
anush chiappino-pepe,2
anurag pathak,2
antonio tavera-vazquez,2
antonio del rio flores,2
antoine chamoun-farah,2
anshuman goswami,2
anshaj ronghe,2
anne gaffney,2
ankur gupta,2
angeliki chalasti,2
sourav halder,2
sungwon park,2
sungwan park,2
sunayana malla,2
sujoy bepari,2
sujit datta,2
sugandha verma,2
sudeep sarma,2
steven wilson,2
steven rowan,2
steven g. arturo,2
steven crouse,2
stephen vicchio,2
stephen summits,2
stefanos xenios,2
stefano ciannella,2
stacey saba,2
andrey poletayev,2
andrew yancey-jardon,2
andrew kohler,2
andrew ferguson,2
andrew bai,2
andrew allman,2
andres ordorica,2
andreas guentner,2
andrea c. landázuri,2
anand kumar,2
susannah scott,2
surita bhatia,2
surabh kt,2
supriya gupta,2
sunny pawar,2
sungyun yang,2
thomas banker,2
thiago oliveira cabral,2
taylor g. smith,2
tawsif rahman,2
tapajyoti ghosh,2
taofeek tejuosho,2
tao zhang,2
tanvi varadkar,2
tamoghna saha,2
talia shmool,2
tahmid hasan rupam,2
taehoon lee,2
tae seok moon,2
syed muhammad shakil hussain,2
svetlana morozova,2
susie dai,2
vailankanni rodrigues,2
uttam kumar,2
urmila diwekar,2
umesh dhumal,2
tyler r. josephson,2
tsung wei liu,2
trishita chowdhury,2
torsten stelzer,2
tomás chávez-miyauchi,2
tom savage,2
tobias dwyer,2
tingtao zhou,2
timothy c. moore,2
tim mallo,2
thomas y. george,2
thomas o'shea,2
victor m. zavala,2
victor m. ugaz,2
vamsi vikram gande,2
anaira roman santiago,2
amy laflin,2
amro dodin,2
amr abdelghany,2
amol pophali,2
amit goyal,2
amirmohammad ebrahimi,2
amir shahbazi,2
amir hossein hamedi,2
amir haji-akbari,2
amanuel gidey gebretatios,2
amanda whai shin ooi,2
vallabh vasudevan,2
ali khosravani,2
ali kamali,2
alexis t. bell,2
alexandra teleki,2
alexander summers,2
alexander neimark,2
alexander hoffmann,2
alexander hoffman,2
alex j. king,2
vivek narsimhan,2
virginia signorini,2
vinny chandran suja,2
vilas pol,2
vignesh sathyaseelan,2
viet hung pham,2
victor sharma,2
william barrett,2
whitney stoppel,2
whitney loo,2
wenzhen li,2
wenhao shao,2
wenchao gu,2
weidong lu,2
wei-ting tang,2
wei fan,2
wayne strasser,2
vraj p. chauhan,2
vivek yadav,2
alp albay,2
allison v. cordova-huaman,2
alisyn greenfield,2
ali mohraz,2
xiao liang,2
alex balzer,2
alejandro martinez-calvo,2
alejandro gallegos tovar,2
alec agee,2
alberto striolo,2
alberto ruiz,2
alain kadar,2
akshay korde,2
akshay deshmukh,2
wui yarn daphne chan,2
wojciech lipinski,2
wissam fawaz,2
william ketterhagen,2
william green,2
william farlessyost,2
yao tong,2
yanwei lum,2
yang xiao,2
yang hou,2
yan zhang,2
yaguang zhu,2
yadong xu,2
xu zhang,2
xiuting chen,2
xinhe chen,2
xingcheng zhou,2
xin wang,2
xiaoyu wu,2
xiaoping bao,2
xiaoguang wang,2
xiao-an fu,2
yuan jiang,2
yuan gao,2
yu wang,2
youngbi kim,2
yoonseob kim,2
yong yuan,2
yomaira pagan torres,2
yiteng zheng,2
yinhao jia,2
yingjie ma,2
ying yu,2
ying diao,2
yiming wang,2
yen-chun lu,2
yash kadakia,2
yasemin basdogan,2
abdulrhman arishi,2
zitang wei,2
aahil khambhawala,2
zijia li,2
zedong peng,2
zane parkerson,2
zaman ataie,2
zahir aghayev,2
zachary sherman,2
zachary kean,2
yuting xu,2
yuting wu,2
yusuf adewuyi,2
yunke liu,2
yunhao xiao,2
yung-shun kang,2
zhuoxin zhou,2
zhiwei jiang,2
zhiwei fang,2
zhiming zhang,2
zhiheng lyu,2
zhexi lin,2
zhenxing feng,2
zhenmeng peng,2
zhenhua zeng,2
zhengpeng wan,2
zhao li,2
adrianne rosales,2
aditya mohite,2
adam feist,2
adam bachmann,2
abilash subbaraman,2
